league,season,status,info
E0,1011,downloaded,https://www.football-data.co.uk/mmz4281/1011/E0.csv
E0,1112,downloaded,https://www.football-data.co.uk/mmz4281/1112/E0.csv
E0,1213,downloaded,https://www.football-data.co.uk/mmz4281/1213/E0.csv
E0,1314,downloaded,https://www.football-data.co.uk/mmz4281/1314/E0.csv
E0,1415,downloaded,https://www.football-data.co.uk/mmz4281/1415/E0.csv
E0,1516,downloaded,https://www.football-data.co.uk/mmz4281/1516/E0.csv
E0,1617,downloaded,https://www.football-data.co.uk/mmz4281/1617/E0.csv
E0,1718,downloaded,https://www.football-data.co.uk/mmz4281/1718/E0.csv
E0,1819,downloaded,https://www.football-data.co.uk/mmz4281/1819/E0.csv
E0,1920,downloaded,https://www.football-data.co.uk/mmz4281/1920/E0.csv
E0,2021,downloaded,https://www.football-data.co.uk/mmz4281/2021/E0.csv
E0,2122,downloaded,https://www.football-data.co.uk/mmz4281/2122/E0.csv
E0,2223,downloaded,https://www.football-data.co.uk/mmz4281/2223/E0.csv
E0,2324,downloaded,https://www.football-data.co.uk/mmz4281/2324/E0.csv
E0,2425,downloaded,https://www.football-data.co.uk/mmz4281/2425/E0.csv
E0,2526,downloaded,https://www.football-data.co.uk/mmz4281/2526/E0.csv
E0,2627,downloaded,https://www.football-data.co.uk/mmz4281/2627/E0.csv
E1,1011,downloaded,https://www.football-data.co.uk/mmz4281/1011/E1.csv
E1,1112,downloaded,https://www.football-data.co.uk/mmz4281/1112/E1.csv
E1,1213,downloaded,https://www.football-data.co.uk/mmz4281/1213/E1.csv
E1,1314,downloaded,https://www.football-data.co.uk/mmz4281/1314/E1.csv
E1,1415,downloaded,https://www.football-data.co.uk/mmz4281/1415/E1.csv
E1,1516,downloaded,https://www.football-data.co.uk/mmz4281/1516/E1.csv
E1,1617,downloaded,https://www.football-data.co.uk/mmz4281/1617/E1.csv
E1,1718,downloaded,https://www.football-data.co.uk/mmz4281/1718/E1.csv
E1,1819,downloaded,https://www.football-data.co.uk/mmz4281/1819/E1.csv
E1,1920,downloaded,https://www.football-data.co.uk/mmz4281/1920/E1.csv
E1,2021,downloaded,https://www.football-data.co.uk/mmz4281/2021/E1.csv
E1,2122,downloaded,https://www.football-data.co.uk/mmz4281/2122/E1.csv
E1,2223,downloaded,https://www.football-data.co.uk/mmz4281/2223/E1.csv
E1,2324,downloaded,https://www.football-data.co.uk/mmz4281/2324/E1.csv
E1,2425,downloaded,https://www.football-data.co.uk/mmz4281/2425/E1.csv
E1,2526,downloaded,https://www.football-data.co.uk/mmz4281/2526/E1.csv
E1,2627,downloaded,https://www.football-data.co.uk/mmz4281/2627/E1.csv
E2,1011,downloaded,https://www.football-data.co.uk/mmz4281/1011/E2.csv
E2,1112,downloaded,https://www.football-data.co.uk/mmz4281/1112/E2.csv
E2,1213,downloaded,https://www.football-data.co.uk/mmz4281/1213/E2.csv
E2,1314,downloaded,https://www.football-data.co.uk/mmz4281/1314/E2.csv
E2,1415,downloaded,https://www.football-data.co.uk/mmz4281/1415/E2.csv
E2,1516,downloaded,https://www.football-data.co.uk/mmz4281/1516/E2.csv
E2,1617,downloaded,https://www.football-data.co.uk/mmz4281/1617/E2.csv
E2,1718,downloaded,https://www.football-data.co.uk/mmz4281/1718/E2.csv
E2,1819,downloaded,https://www.football-data.co.uk/mmz4281/1819/E2.csv
E2,1920,downloaded,https://www.football-data.co.uk/mmz4281/1920/E2.csv
E2,2021,downloaded,https://www.football-data.co.uk/mmz4281/2021/E2.csv
E2,2122,downloaded,https://www.football-data.co.uk/mmz4281/2122/E2.csv
E2,2223,downloaded,https://www.football-data.co.uk/mmz4281/2223/E2.csv
E2,2324,downloaded,https://www.football-data.co.uk/mmz4281/2324/E2.csv
E2,2425,downloaded,https://www.football-data.co.uk/mmz4281/2425/E2.csv
E2,2526,downloaded,https://www.football-data.co.uk/mmz4281/2526/E2.csv
E2,2627,downloaded,https://www.football-data.co.uk/mmz4281/2627/E2.csv
E3,1011,downloaded,https://www.football-data.co.uk/mmz4281/1011/E3.csv
E3,1112,downloaded,https://www.football-data.co.uk/mmz4281/1112/E3.csv
E3,1213,downloaded,https://www.football-data.co.uk/mmz4281/1213/E3.csv
E3,1314,downloaded,https://www.football-data.co.uk/mmz4281/1314/E3.csv
E3,1415,downloaded,https://www.football-data.co.uk/mmz4281/1415/E3.csv
E3,1516,downloaded,https://www.football-data.co.uk/mmz4281/1516/E3.csv
E3,1617,downloaded,https://www.football-data.co.uk/mmz4281/1617/E3.csv
E3,1718,downloaded,https://www.football-data.co.uk/mmz4281/1718/E3.csv
E3,1819,downloaded,https://www.football-data.co.uk/mmz4281/1819/E3.csv
E3,1920,downloaded,https://www.football-data.co.uk/mmz4281/1920/E3.csv
E3,2021,downloaded,https://www.football-data.co.uk/mmz4281/2021/E3.csv
E3,2122,downloaded,https://www.football-data.co.uk/mmz4281/2122/E3.csv
E3,2223,downloaded,https://www.football-data.co.uk/mmz4281/2223/E3.csv
E3,2324,downloaded,https://www.football-data.co.uk/mmz4281/2324/E3.csv
E3,2425,downloaded,https://www.football-data.co.uk/mmz4281/2425/E3.csv
E3,2526,downloaded,https://www.football-data.co.uk/mmz4281/2526/E3.csv
E3,2627,downloaded,https://www.football-data.co.uk/mmz4281/2627/E3.csv
EC,1011,downloaded,https://www.football-data.co.uk/mmz4281/1011/EC.csv
EC,1112,downloaded,https://www.football-data.co.uk/mmz4281/1112/EC.csv
EC,1213,downloaded,https://www.football-data.co.uk/mmz4281/1213/EC.csv
EC,1314,downloaded,https://www.football-data.co.uk/mmz4281/1314/EC.csv
EC,1415,downloaded,https://www.football-data.co.uk/mmz4281/1415/EC.csv
EC,1516,downloaded,https://www.football-data.co.uk/mmz4281/1516/EC.csv
EC,1617,downloaded,https://www.football-data.co.uk/mmz4281/1617/EC.csv
EC,1718,downloaded,https://www.football-data.co.uk/mmz4281/1718/EC.csv
EC,1819,downloaded,https://www.football-data.co.uk/mmz4281/1819/EC.csv
EC,1920,downloaded,https://www.football-data.co.uk/mmz4281/1920/EC.csv
EC,2021,downloaded,https://www.football-data.co.uk/mmz4281/2021/EC.csv
EC,2122,downloaded,https://www.football-data.co.uk/mmz4281/2122/EC.csv
EC,2223,downloaded,https://www.football-data.co.uk/mmz4281/2223/EC.csv
EC,2324,downloaded,https://www.football-data.co.uk/mmz4281/2324/EC.csv
EC,2425,downloaded,https://www.football-data.co.uk/mmz4281/2425/EC.csv
EC,2526,downloaded,https://www.football-data.co.uk/mmz4281/2526/EC.csv
EC,2627,downloaded,https://www.football-data.co.uk/mmz4281/2627/EC.csv
SC0,1011,downloaded,https://www.football-data.co.uk/mmz4281/1011/SC0.csv
SC0,1112,downloaded,https://www.football-data.co.uk/mmz4281/1112/SC0.csv
SC0,1213,downloaded,https://www.football-data.co.uk/mmz4281/1213/SC0.csv
SC0,1314,downloaded,https://www.football-data.co.uk/mmz4281/1314/SC0.csv
SC0,1415,downloaded,https://www.football-data.co.uk/mmz4281/1415/SC0.csv
SC0,1516,downloaded,https://www.football-data.co.uk/mmz4281/1516/SC0.csv
SC0,1617,downloaded,https://www.football-data.co.uk/mmz4281/1617/SC0.csv
SC0,1718,downloaded,https://www.football-data.co.uk/mmz4281/1718/SC0.csv
SC0,1819,downloaded,https://www.football-data.co.uk/mmz4281/1819/SC0.csv
SC0,1920,downloaded,https://www.football-data.co.uk/mmz4281/1920/SC0.csv
SC0,2021,downloaded,https://www.football-data.co.uk/mmz4281/2021/SC0.csv
SC0,2122,downloaded,https://www.football-data.co.uk/mmz4281/2122/SC0.csv
SC0,2223,downloaded,https://www.football-data.co.uk/mmz4281/2223/SC0.csv
SC0,2324,downloaded,https://www.football-data.co.uk/mmz4281/2324/SC0.csv
SC0,2425,downloaded,https://www.football-data.co.uk/mmz4281/2425/SC0.csv
SC0,2526,downloaded,https://www.football-data.co.uk/mmz4281/2526/SC0.csv
SC0,2627,downloaded,https://www.football-data.co.uk/mmz4281/2627/SC0.csv
SC1,1011,downloaded,https://www.football-data.co.uk/mmz4281/1011/SC1.csv
SC1,1112,downloaded,https://www.football-data.co.uk/mmz4281/1112/SC1.csv
SC1,1213,downloaded,https://www.football-data.co.uk/mmz4281/1213/SC1.csv
SC1,1314,downloaded,https://www.football-data.co.uk/mmz4281/1314/SC1.csv
SC1,1415,downloaded,https://www.football-data.co.uk/mmz4281/1415/SC1.csv
SC1,1516,downloaded,https://www.football-data.co.uk/mmz4281/1516/SC1.csv
SC1,1617,downloaded,https://www.football-data.co.uk/mmz4281/1617/SC1.csv
SC1,1718,downloaded,https://www.football-data.co.uk/mmz4281/1718/SC1.csv
SC1,1819,downloaded,https://www.football-data.co.uk/mmz4281/1819/SC1.csv
SC1,1920,downloaded,https://www.football-data.co.uk/mmz4281/1920/SC1.csv
SC1,2021,downloaded,https://www.football-data.co.uk/mmz4281/2021/SC1.csv
SC1,2122,downloaded,https://www.football-data.co.uk/mmz4281/2122/SC1.csv
SC1,2223,downloaded,https://www.football-data.co.uk/mmz4281/2223/SC1.csv
SC1,2324,downloaded,https://www.football-data.co.uk/mmz4281/2324/SC1.csv
SC1,2425,downloaded,https://www.football-data.co.uk/mmz4281/2425/SC1.csv
SC1,2526,downloaded,https://www.football-data.co.uk/mmz4281/2526/SC1.csv
SC1,2627,downloaded,https://www.football-data.co.uk/mmz4281/2627/SC1.csv
SC2,1011,downloaded,https://www.football-data.co.uk/mmz4281/1011/SC2.csv
SC2,1112,downloaded,https://www.football-data.co.uk/mmz4281/1112/SC2.csv
SC2,1213,downloaded,https://www.football-data.co.uk/mmz4281/1213/SC2.csv
SC2,1314,downloaded,https://www.football-data.co.uk/mmz4281/1314/SC2.csv
SC2,1415,downloaded,https://www.football-data.co.uk/mmz4281/1415/SC2.csv
SC2,1516,downloaded,https://www.football-data.co.uk/mmz4281/1516/SC2.csv
SC2,1617,downloaded,https://www.football-data.co.uk/mmz4281/1617/SC2.csv
SC2,1718,downloaded,https://www.football-data.co.uk/mmz4281/1718/SC2.csv
SC2,1819,downloaded,https://www.football-data.co.uk/mmz4281/1819/SC2.csv
SC2,1920,downloaded,https://www.football-data.co.uk/mmz4281/1920/SC2.csv
SC2,2021,downloaded,https://www.football-data.co.uk/mmz4281/2021/SC2.csv
SC2,2122,downloaded,https://www.football-data.co.uk/mmz4281/2122/SC2.csv
SC2,2223,downloaded,https://www.football-data.co.uk/mmz4281/2223/SC2.csv
SC2,2324,downloaded,https://www.football-data.co.uk/mmz4281/2324/SC2.csv
SC2,2425,downloaded,https://www.football-data.co.uk/mmz4281/2425/SC2.csv
SC2,2526,downloaded,https://www.football-data.co.uk/mmz4281/2526/SC2.csv
SC2,2627,downloaded,https://www.football-data.co.uk/mmz4281/2627/SC2.csv
SC3,1011,downloaded,https://www.football-data.co.uk/mmz4281/1011/SC3.csv
SC3,1112,downloaded,https://www.football-data.co.uk/mmz4281/1112/SC3.csv
SC3,1213,downloaded,https://www.football-data.co.uk/mmz4281/1213/SC3.csv
SC3,1314,downloaded,https://www.football-data.co.uk/mmz4281/1314/SC3.csv
SC3,1415,downloaded,https://www.football-data.co.uk/mmz4281/1415/SC3.csv
SC3,1516,downloaded,https://www.football-data.co.uk/mmz4281/1516/SC3.csv
SC3,1617,downloaded,https://www.football-data.co.uk/mmz4281/1617/SC3.csv
SC3,1718,downloaded,https://www.football-data.co.uk/mmz4281/1718/SC3.csv
SC3,1819,downloaded,https://www.football-data.co.uk/mmz4281/1819/SC3.csv
SC3,1920,downloaded,https://www.football-data.co.uk/mmz4281/1920/SC3.csv
SC3,2021,downloaded,https://www.football-data.co.uk/mmz4281/2021/SC3.csv
SC3,2122,downloaded,https://www.football-data.co.uk/mmz4281/2122/SC3.csv
SC3,2223,downloaded,https://www.football-data.co.uk/mmz4281/2223/SC3.csv
SC3,2324,downloaded,https://www.football-data.co.uk/mmz4281/2324/SC3.csv
SC3,2425,downloaded,https://www.football-data.co.uk/mmz4281/2425/SC3.csv
SC3,2526,downloaded,https://www.football-data.co.uk/mmz4281/2526/SC3.csv
SC3,2627,downloaded,https://www.football-data.co.uk/mmz4281/2627/SC3.csv
D1,1011,downloaded,https://www.football-data.co.uk/mmz4281/1011/D1.csv
D1,1112,downloaded,https://www.football-data.co.uk/mmz4281/1112/D1.csv
D1,1213,downloaded,https://www.football-data.co.uk/mmz4281/1213/D1.csv
D1,1314,downloaded,https://www.football-data.co.uk/mmz4281/1314/D1.csv
D1,1415,downloaded,https://www.football-data.co.uk/mmz4281/1415/D1.csv
D1,1516,downloaded,https://www.football-data.co.uk/mmz4281/1516/D1.csv
D1,1617,downloaded,https://www.football-data.co.uk/mmz4281/1617/D1.csv
D1,1718,downloaded,https://www.football-data.co.uk/mmz4281/1718/D1.csv
D1,1819,downloaded,https://www.football-data.co.uk/mmz4281/1819/D1.csv
D1,1920,downloaded,https://www.football-data.co.uk/mmz4281/1920/D1.csv
D1,2021,downloaded,https://www.football-data.co.uk/mmz4281/2021/D1.csv
D1,2122,downloaded,https://www.football-data.co.uk/mmz4281/2122/D1.csv
D1,2223,downloaded,https://www.football-data.co.uk/mmz4281/2223/D1.csv
D1,2324,downloaded,https://www.football-data.co.uk/mmz4281/2324/D1.csv
D1,2425,downloaded,https://www.football-data.co.uk/mmz4281/2425/D1.csv
D1,2526,downloaded,https://www.football-data.co.uk/mmz4281/2526/D1.csv
D1,2627,downloaded,https://www.football-data.co.uk/mmz4281/2627/D1.csv
D2,1011,downloaded,https://www.football-data.co.uk/mmz4281/1011/D2.csv
D2,1112,downloaded,https://www.football-data.co.uk/mmz4281/1112/D2.csv
D2,1213,downloaded,https://www.football-data.co.uk/mmz4281/1213/D2.csv
D2,1314,downloaded,https://www.football-data.co.uk/mmz4281/1314/D2.csv
D2,1415,downloaded,https://www.football-data.co.uk/mmz4281/1415/D2.csv
D2,1516,downloaded,https://www.football-data.co.uk/mmz4281/1516/D2.csv
D2,1617,downloaded,https://www.football-data.co.uk/mmz4281/1617/D2.csv
D2,1718,downloaded,https://www.football-data.co.uk/mmz4281/1718/D2.csv
D2,1819,downloaded,https://www.football-data.co.uk/mmz4281/1819/D2.csv
D2,1920,downloaded,https://www.football-data.co.uk/mmz4281/1920/D2.csv
D2,2021,downloaded,https://www.football-data.co.uk/mmz4281/2021/D2.csv
D2,2122,downloaded,https://www.football-data.co.uk/mmz4281/2122/D2.csv
D2,2223,downloaded,https://www.football-data.co.uk/mmz4281/2223/D2.csv
D2,2324,downloaded,https://www.football-data.co.uk/mmz4281/2324/D2.csv
D2,2425,downloaded,https://www.football-data.co.uk/mmz4281/2425/D2.csv
D2,2526,downloaded,https://www.football-data.co.uk/mmz4281/2526/D2.csv
D2,2627,downloaded,https://www.football-data.co.uk/mmz4281/2627/D2.csv
I1,1011,downloaded,https://www.football-data.co.uk/mmz4281/1011/I1.csv
I1,1112,downloaded,https://www.football-data.co.uk/mmz4281/1112/I1.csv
I1,1213,downloaded,https://www.football-data.co.uk/mmz4281/1213/I1.csv
I1,1314,downloaded,https://www.football-data.co.uk/mmz4281/1314/I1.csv
I1,1415,downloaded,https://www.football-data.co.uk/mmz4281/1415/I1.csv
I1,1516,downloaded,https://www.football-data.co.uk/mmz4281/1516/I1.csv
I1,1617,downloaded,https://www.football-data.co.uk/mmz4281/1617/I1.csv
I1,1718,downloaded,https://www.football-data.co.uk/mmz4281/1718/I1.csv
I1,1819,downloaded,https://www.football-data.co.uk/mmz4281/1819/I1.csv
I1,1920,downloaded,https://www.football-data.co.uk/mmz4281/1920/I1.csv
I1,2021,downloaded,https://www.football-data.co.uk/mmz4281/2021/I1.csv
I1,2122,downloaded,https://www.football-data.co.uk/mmz4281/2122/I1.csv
I1,2223,downloaded,https://www.football-data.co.uk/mmz4281/2223/I1.csv
I1,2324,downloaded,https://www.football-data.co.uk/mmz4281/2324/I1.csv
I1,2425,downloaded,https://www.football-data.co.uk/mmz4281/2425/I1.csv
I1,2526,downloaded,https://www.football-data.co.uk/mmz4281/2526/I1.csv
I1,2627,downloaded,https://www.football-data.co.uk/mmz4281/2627/I1.csv
I2,1011,downloaded,https://www.football-data.co.uk/mmz4281/1011/I2.csv
I2,1112,downloaded,https://www.football-data.co.uk/mmz4281/1112/I2.csv
I2,1213,downloaded,https://www.football-data.co.uk/mmz4281/1213/I2.csv
I2,1314,downloaded,https://www.football-data.co.uk/mmz4281/1314/I2.csv
I2,1415,downloaded,https://www.football-data.co.uk/mmz4281/1415/I2.csv
I2,1516,downloaded,https://www.football-data.co.uk/mmz4281/1516/I2.csv
I2,1617,downloaded,https://www.football-data.co.uk/mmz4281/1617/I2.csv
I2,1718,downloaded,https://www.football-data.co.uk/mmz4281/1718/I2.csv
I2,1819,downloaded,https://www.football-data.co.uk/mmz4281/1819/I2.csv
I2,1920,downloaded,https://www.football-data.co.uk/mmz4281/1920/I2.csv
I2,2021,downloaded,https://www.football-data.co.uk/mmz4281/2021/I2.csv
I2,2122,downloaded,https://www.football-data.co.uk/mmz4281/2122/I2.csv
I2,2223,downloaded,https://www.football-data.co.uk/mmz4281/2223/I2.csv
I2,2324,downloaded,https://www.football-data.co.uk/mmz4281/2324/I2.csv
I2,2425,downloaded,https://www.football-data.co.uk/mmz4281/2425/I2.csv
I2,2526,downloaded,https://www.football-data.co.uk/mmz4281/2526/I2.csv
I2,2627,downloaded,https://www.football-data.co.uk/mmz4281/2627/I2.csv
SP1,1011,downloaded,https://www.football-data.co.uk/mmz4281/1011/SP1.csv
SP1,1112,downloaded,https://www.football-data.co.uk/mmz4281/1112/SP1.csv
SP1,1213,downloaded,https://www.football-data.co.uk/mmz4281/1213/SP1.csv
SP1,1314,downloaded,https://www.football-data.co.uk/mmz4281/1314/SP1.csv
SP1,1415,downloaded,https://www.football-data.co.uk/mmz4281/1415/SP1.csv
SP1,1516,downloaded,https://www.football-data.co.uk/mmz4281/1516/SP1.csv
SP1,1617,downloaded,https://www.football-data.co.uk/mmz4281/1617/SP1.csv
SP1,1718,downloaded,https://www.football-data.co.uk/mmz4281/1718/SP1.csv
SP1,1819,downloaded,https://www.football-data.co.uk/mmz4281/1819/SP1.csv
SP1,1920,downloaded,https://www.football-data.co.uk/mmz4281/1920/SP1.csv
SP1,2021,downloaded,https://www.football-data.co.uk/mmz4281/2021/SP1.csv
SP1,2122,downloaded,https://www.football-data.co.uk/mmz4281/2122/SP1.csv
SP1,2223,downloaded,https://www.football-data.co.uk/mmz4281/2223/SP1.csv
SP1,2324,downloaded,https://www.football-data.co.uk/mmz4281/2324/SP1.csv
SP1,2425,downloaded,https://www.football-data.co.uk/mmz4281/2425/SP1.csv
SP1,2526,downloaded,https://www.football-data.co.uk/mmz4281/2526/SP1.csv
SP1,2627,downloaded,https://www.football-data.co.uk/mmz4281/2627/SP1.csv
SP2,1011,downloaded,https://www.football-data.co.uk/mmz4281/1011/SP2.csv
SP2,1112,downloaded,https://www.football-data.co.uk/mmz4281/1112/SP2.csv
SP2,1213,downloaded,https://www.football-data.co.uk/mmz4281/1213/SP2.csv
SP2,1314,downloaded,https://www.football-data.co.uk/mmz4281/1314/SP2.csv
SP2,1415,downloaded,https://www.football-data.co.uk/mmz4281/1415/SP2.csv
SP2,1516,downloaded,https://www.football-data.co.uk/mmz4281/1516/SP2.csv
SP2,1617,downloaded,https://www.football-data.co.uk/mmz4281/1617/SP2.csv
SP2,1718,downloaded,https://www.football-data.co.uk/mmz4281/1718/SP2.csv
SP2,1819,downloaded,https://www.football-data.co.uk/mmz4281/1819/SP2.csv
SP2,1920,downloaded,https://www.football-data.co.uk/mmz4281/1920/SP2.csv
SP2,2021,downloaded,https://www.football-data.co.uk/mmz4281/2021/SP2.csv
SP2,2122,downloaded,https://www.football-data.co.uk/mmz4281/2122/SP2.csv
SP2,2223,downloaded,https://www.football-data.co.uk/mmz4281/2223/SP2.csv
SP2,2324,downloaded,https://www.football-data.co.uk/mmz4281/2324/SP2.csv
SP2,2425,downloaded,https://www.football-data.co.uk/mmz4281/2425/SP2.csv
SP2,2526,downloaded,https://www.football-data.co.uk/mmz4281/2526/SP2.csv
SP2,2627,downloaded,https://www.football-data.co.uk/mmz4281/2627/SP2.csv
F1,1011,downloaded,https://www.football-data.co.uk/mmz4281/1011/F1.csv
F1,1112,downloaded,https://www.football-data.co.uk/mmz4281/1112/F1.csv
F1,1213,downloaded,https://www.football-data.co.uk/mmz4281/1213/F1.csv
F1,1314,downloaded,https://www.football-data.co.uk/mmz4281/1314/F1.csv
F1,1415,downloaded,https://www.football-data.co.uk/mmz4281/1415/F1.csv
F1,1516,downloaded,https://www.football-data.co.uk/mmz4281/1516/F1.csv
F1,1617,downloaded,https://www.football-data.co.uk/mmz4281/1617/F1.csv
F1,1718,downloaded,https://www.football-data.co.uk/mmz4281/1718/F1.csv
F1,1819,downloaded,https://www.football-data.co.uk/mmz4281/1819/F1.csv
F1,1920,downloaded,https://www.football-data.co.uk/mmz4281/1920/F1.csv
F1,2021,downloaded,https://www.football-data.co.uk/mmz4281/2021/F1.csv
F1,2122,downloaded,https://www.football-data.co.uk/mmz4281/2122/F1.csv
F1,2223,downloaded,https://www.football-data.co.uk/mmz4281/2223/F1.csv
F1,2324,downloaded,https://www.football-data.co.uk/mmz4281/2324/F1.csv
F1,2425,downloaded,https://www.football-data.co.uk/mmz4281/2425/F1.csv
F1,2526,downloaded,https://www.football-data.co.uk/mmz4281/2526/F1.csv
F1,2627,downloaded,https://www.football-data.co.uk/mmz4281/2627/F1.csv
F2,1011,downloaded,https://www.football-data.co.uk/mmz4281/1011/F2.csv
F2,1112,downloaded,https://www.football-data.co.uk/mmz4281/1112/F2.csv
F2,1213,downloaded,https://www.football-data.co.uk/mmz4281/1213/F2.csv
F2,1314,downloaded,https://www.football-data.co.uk/mmz4281/1314/F2.csv
F2,1415,downloaded,https://www.football-data.co.uk/mmz4281/1415/F2.csv
F2,1516,downloaded,https://www.football-data.co.uk/mmz4281/1516/F2.csv
F2,1617,downloaded,https://www.football-data.co.uk/mmz4281/1617/F2.csv
F2,1718,downloaded,https://www.football-data.co.uk/mmz4281/1718/F2.csv
F2,1819,downloaded,https://www.football-data.co.uk/mmz4281/1819/F2.csv
F2,1920,downloaded,https://www.football-data.co.uk/mmz4281/1920/F2.csv
F2,2021,downloaded,https://www.football-data.co.uk/mmz4281/2021/F2.csv
F2,2122,downloaded,https://www.football-data.co.uk/mmz4281/2122/F2.csv
F2,2223,downloaded,https://www.football-data.co.uk/mmz4281/2223/F2.csv
F2,2324,downloaded,https://www.football-data.co.uk/mmz4281/2324/F2.csv
F2,2425,downloaded,https://www.football-data.co.uk/mmz4281/2425/F2.csv
F2,2526,downloaded,https://www.football-data.co.uk/mmz4281/2526/F2.csv
F2,2627,downloaded,https://www.football-data.co.uk/mmz4281/2627/F2.csv
N1,1011,downloaded,https://www.football-data.co.uk/mmz4281/1011/N1.csv
N1,1112,downloaded,https://www.football-data.co.uk/mmz4281/1112/N1.csv
N1,1213,downloaded,https://www.football-data.co.uk/mmz4281/1213/N1.csv
N1,1314,downloaded,https://www.football-data.co.uk/mmz4281/1314/N1.csv
N1,1415,downloaded,https://www.football-data.co.uk/mmz4281/1415/N1.csv
N1,1516,downloaded,https://www.football-data.co.uk/mmz4281/1516/N1.csv
N1,1617,downloaded,https://www.football-data.co.uk/mmz4281/1617/N1.csv
N1,1718,downloaded,https://www.football-data.co.uk/mmz4281/1718/N1.csv
N1,1819,downloaded,https://www.football-data.co.uk/mmz4281/1819/N1.csv
N1,1920,downloaded,https://www.football-data.co.uk/mmz4281/1920/N1.csv
N1,2021,downloaded,https://www.football-data.co.uk/mmz4281/2021/N1.csv
N1,2122,downloaded,https://www.football-data.co.uk/mmz4281/2122/N1.csv
N1,2223,downloaded,https://www.football-data.co.uk/mmz4281/2223/N1.csv
N1,2324,downloaded,https://www.football-data.co.uk/mmz4281/2324/N1.csv
N1,2425,downloaded,https://www.football-data.co.uk/mmz4281/2425/N1.csv
N1,2526,downloaded,https://www.football-data.co.uk/mmz4281/2526/N1.csv
N1,2627,downloaded,https://www.football-data.co.uk/mmz4281/2627/N1.csv
B1,1011,downloaded,https://www.football-data.co.uk/mmz4281/1011/B1.csv
B1,1112,downloaded,https://www.football-data.co.uk/mmz4281/1112/B1.csv
B1,1213,downloaded,https://www.football-data.co.uk/mmz4281/1213/B1.csv
B1,1314,downloaded,https://www.football-data.co.uk/mmz4281/1314/B1.csv
B1,1415,downloaded,https://www.football-data.co.uk/mmz4281/1415/B1.csv
B1,1516,downloaded,https://www.football-data.co.uk/mmz4281/1516/B1.csv
B1,1617,downloaded,https://www.football-data.co.uk/mmz4281/1617/B1.csv
B1,1718,downloaded,https://www.football-data.co.uk/mmz4281/1718/B1.csv
B1,1819,downloaded,https://www.football-data.co.uk/mmz4281/1819/B1.csv
B1,1920,downloaded,https://www.football-data.co.uk/mmz4281/1920/B1.csv
B1,2021,downloaded,https://www.football-data.co.uk/mmz4281/2021/B1.csv
B1,2122,downloaded,https://www.football-data.co.uk/mmz4281/2122/B1.csv
B1,2223,downloaded,https://www.football-data.co.uk/mmz4281/2223/B1.csv
B1,2324,downloaded,https://www.football-data.co.uk/mmz4281/2324/B1.csv
B1,2425,downloaded,https://www.football-data.co.uk/mmz4281/2425/B1.csv
B1,2526,downloaded,https://www.football-data.co.uk/mmz4281/2526/B1.csv
B1,2627,downloaded,https://www.football-data.co.uk/mmz4281/2627/B1.csv
P1,1011,downloaded,https://www.football-data.co.uk/mmz4281/1011/P1.csv
P1,1112,downloaded,https://www.football-data.co.uk/mmz4281/1112/P1.csv
P1,1213,downloaded,https://www.football-data.co.uk/mmz4281/1213/P1.csv
P1,1314,downloaded,https://www.football-data.co.uk/mmz4281/1314/P1.csv
P1,1415,downloaded,https://www.football-data.co.uk/mmz4281/1415/P1.csv
P1,1516,downloaded,https://www.football-data.co.uk/mmz4281/1516/P1.csv
P1,1617,downloaded,https://www.football-data.co.uk/mmz4281/1617/P1.csv
P1,1718,downloaded,https://www.football-data.co.uk/mmz4281/1718/P1.csv
P1,1819,downloaded,https://www.football-data.co.uk/mmz4281/1819/P1.csv
P1,1920,downloaded,https://www.football-data.co.uk/mmz4281/1920/P1.csv
P1,2021,downloaded,https://www.football-data.co.uk/mmz4281/2021/P1.csv
P1,2122,downloaded,https://www.football-data.co.uk/mmz4281/2122/P1.csv
P1,2223,downloaded,https://www.football-data.co.uk/mmz4281/2223/P1.csv
P1,2324,downloaded,https://www.football-data.co.uk/mmz4281/2324/P1.csv
P1,2425,downloaded,https://www.football-data.co.uk/mmz4281/2425/P1.csv
P1,2526,downloaded,https://www.football-data.co.uk/mmz4281/2526/P1.csv
P1,2627,downloaded,https://www.football-data.co.uk/mmz4281/2627/P1.csv
T1,1011,downloaded,https://www.football-data.co.uk/mmz4281/1011/T1.csv
T1,1112,downloaded,https://www.football-data.co.uk/mmz4281/1112/T1.csv
T1,1213,downloaded,https://www.football-data.co.uk/mmz4281/1213/T1.csv
T1,1314,downloaded,https://www.football-data.co.uk/mmz4281/1314/T1.csv
T1,1415,downloaded,https://www.football-data.co.uk/mmz4281/1415/T1.csv
T1,1516,downloaded,https://www.football-data.co.uk/mmz4281/1516/T1.csv
T1,1617,downloaded,https://www.football-data.co.uk/mmz4281/1617/T1.csv
T1,1718,downloaded,https://www.football-data.co.uk/mmz4281/1718/T1.csv
T1,1819,downloaded,https://www.football-data.co.uk/mmz4281/1819/T1.csv
T1,1920,downloaded,https://www.football-data.co.uk/mmz4281/1920/T1.csv
T1,2021,downloaded,https://www.football-data.co.uk/mmz4281/2021/T1.csv
T1,2122,downloaded,https://www.football-data.co.uk/mmz4281/2122/T1.csv
T1,2223,downloaded,https://www.football-data.co.uk/mmz4281/2223/T1.csv
T1,2324,downloaded,https://www.football-data.co.uk/mmz4281/2324/T1.csv
T1,2425,downloaded,https://www.football-data.co.uk/mmz4281/2425/T1.csv
T1,2526,downloaded,https://www.football-data.co.uk/mmz4281/2526/T1.csv
T1,2627,downloaded,https://www.football-data.co.uk/mmz4281/2627/T1.csv
G1,1011,downloaded,https://www.football-data.co.uk/mmz4281/1011/G1.csv
G1,1112,downloaded,https://www.football-data.co.uk/mmz4281/1112/G1.csv
G1,1213,downloaded,https://www.football-data.co.uk/mmz4281/1213/G1.csv
G1,1314,downloaded,https://www.football-data.co.uk/mmz4281/1314/G1.csv
G1,1415,downloaded,https://www.football-data.co.uk/mmz4281/1415/G1.csv
G1,1516,downloaded,https://www.football-data.co.uk/mmz4281/1516/G1.csv
G1,1617,downloaded,https://www.football-data.co.uk/mmz4281/1617/G1.csv
G1,1718,downloaded,https://www.football-data.co.uk/mmz4281/1718/G1.csv
G1,1819,downloaded,https://www.football-data.co.uk/mmz4281/1819/G1.csv
G1,1920,downloaded,https://www.football-data.co.uk/mmz4281/1920/G1.csv
G1,2021,downloaded,https://www.football-data.co.uk/mmz4281/2021/G1.csv
G1,2122,downloaded,https://www.football-data.co.uk/mmz4281/2122/G1.csv
G1,2223,downloaded,https://www.football-data.co.uk/mmz4281/2223/G1.csv
G1,2324,downloaded,https://www.football-data.co.uk/mmz4281/2324/G1.csv
G1,2425,downloaded,https://www.football-data.co.uk/mmz4281/2425/G1.csv
G1,2526,downloaded,https://www.football-data.co.uk/mmz4281/2526/G1.csv
G1,2627,downloaded,https://www.football-data.co.uk/mmz4281/2627/G1.csv
ARG,1011,not_found,https://www.football-data.co.uk/mmz4281/1011/ARG.csv
ARG,1112,not_found,https://www.football-data.co.uk/mmz4281/1112/ARG.csv
ARG,1213,not_found,https://www.football-data.co.uk/mmz4281/1213/ARG.csv
ARG,1314,not_found,https://www.football-data.co.uk/mmz4281/1314/ARG.csv
ARG,1415,not_found,https://www.football-data.co.uk/mmz4281/1415/ARG.csv
ARG,1516,not_found,https://www.football-data.co.uk/mmz4281/1516/ARG.csv
ARG,1617,not_found,https://www.football-data.co.uk/mmz4281/1617/ARG.csv
ARG,1718,not_found,https://www.football-data.co.uk/mmz4281/1718/ARG.csv
ARG,1819,not_found,https://www.football-data.co.uk/mmz4281/1819/ARG.csv
ARG,1920,not_found,https://www.football-data.co.uk/mmz4281/1920/ARG.csv
ARG,2021,not_found,https://www.football-data.co.uk/mmz4281/2021/ARG.csv
ARG,2122,not_found,https://www.football-data.co.uk/mmz4281/2122/ARG.csv
ARG,2223,not_found,https://www.football-data.co.uk/mmz4281/2223/ARG.csv
ARG,2324,not_found,https://www.football-data.co.uk/mmz4281/2324/ARG.csv
ARG,2425,not_found,https://www.football-data.co.uk/mmz4281/2425/ARG.csv
ARG,2526,not_found,https://www.football-data.co.uk/mmz4281/2526/ARG.csv
ARG,2627,not_found,https://www.football-data.co.uk/mmz4281/2627/ARG.csv
AUT,1011,not_found,https://www.football-data.co.uk/mmz4281/1011/AUT.csv
AUT,1112,not_found,https://www.football-data.co.uk/mmz4281/1112/AUT.csv
AUT,1213,not_found,https://www.football-data.co.uk/mmz4281/1213/AUT.csv
AUT,1314,not_found,https://www.football-data.co.uk/mmz4281/1314/AUT.csv
AUT,1415,not_found,https://www.football-data.co.uk/mmz4281/1415/AUT.csv
AUT,1516,not_found,https://www.football-data.co.uk/mmz4281/1516/AUT.csv
AUT,1617,not_found,https://www.football-data.co.uk/mmz4281/1617/AUT.csv
AUT,1718,not_found,https://www.football-data.co.uk/mmz4281/1718/AUT.csv
AUT,1819,not_found,https://www.football-data.co.uk/mmz4281/1819/AUT.csv
AUT,1920,not_found,https://www.football-data.co.uk/mmz4281/1920/AUT.csv
AUT,2021,not_found,https://www.football-data.co.uk/mmz4281/2021/AUT.csv
AUT,2122,not_found,https://www.football-data.co.uk/mmz4281/2122/AUT.csv
AUT,2223,not_found,https://www.football-data.co.uk/mmz4281/2223/AUT.csv
AUT,2324,not_found,https://www.football-data.co.uk/mmz4281/2324/AUT.csv
AUT,2425,not_found,https://www.football-data.co.uk/mmz4281/2425/AUT.csv
AUT,2526,not_found,https://www.football-data.co.uk/mmz4281/2526/AUT.csv
AUT,2627,not_found,https://www.football-data.co.uk/mmz4281/2627/AUT.csv
BRA,1011,not_found,https://www.football-data.co.uk/mmz4281/1011/BRA.csv
BRA,1112,not_found,https://www.football-data.co.uk/mmz4281/1112/BRA.csv
BRA,1213,not_found,https://www.football-data.co.uk/mmz4281/1213/BRA.csv
BRA,1314,not_found,https://www.football-data.co.uk/mmz4281/1314/BRA.csv
BRA,1415,not_found,https://www.football-data.co.uk/mmz4281/1415/BRA.csv
BRA,1516,not_found,https://www.football-data.co.uk/mmz4281/1516/BRA.csv
BRA,1617,not_found,https://www.football-data.co.uk/mmz4281/1617/BRA.csv
BRA,1718,not_found,https://www.football-data.co.uk/mmz4281/1718/BRA.csv
BRA,1819,not_found,https://www.football-data.co.uk/mmz4281/1819/BRA.csv
BRA,1920,not_found,https://www.football-data.co.uk/mmz4281/1920/BRA.csv
BRA,2021,not_found,https://www.football-data.co.uk/mmz4281/2021/BRA.csv
BRA,2122,not_found,https://www.football-data.co.uk/mmz4281/2122/BRA.csv
BRA,2223,not_found,https://www.football-data.co.uk/mmz4281/2223/BRA.csv
BRA,2324,not_found,https://www.football-data.co.uk/mmz4281/2324/BRA.csv
BRA,2425,not_found,https://www.football-data.co.uk/mmz4281/2425/BRA.csv
BRA,2526,not_found,https://www.football-data.co.uk/mmz4281/2526/BRA.csv
BRA,2627,not_found,https://www.football-data.co.uk/mmz4281/2627/BRA.csv
CHN,1011,not_found,https://www.football-data.co.uk/mmz4281/1011/CHN.csv
CHN,1112,not_found,https://www.football-data.co.uk/mmz4281/1112/CHN.csv
CHN,1213,not_found,https://www.football-data.co.uk/mmz4281/1213/CHN.csv
CHN,1314,not_found,https://www.football-data.co.uk/mmz4281/1314/CHN.csv
CHN,1415,not_found,https://www.football-data.co.uk/mmz4281/1415/CHN.csv
CHN,1516,not_found,https://www.football-data.co.uk/mmz4281/1516/CHN.csv
CHN,1617,not_found,https://www.football-data.co.uk/mmz4281/1617/CHN.csv
CHN,1718,not_found,https://www.football-data.co.uk/mmz4281/1718/CHN.csv
CHN,1819,not_found,https://www.football-data.co.uk/mmz4281/1819/CHN.csv
CHN,1920,not_found,https://www.football-data.co.uk/mmz4281/1920/CHN.csv
CHN,2021,not_found,https://www.football-data.co.uk/mmz4281/2021/CHN.csv
CHN,2122,not_found,https://www.football-data.co.uk/mmz4281/2122/CHN.csv
CHN,2223,not_found,https://www.football-data.co.uk/mmz4281/2223/CHN.csv
CHN,2324,not_found,https://www.football-data.co.uk/mmz4281/2324/CHN.csv
CHN,2425,not_found,https://www.football-data.co.uk/mmz4281/2425/CHN.csv
CHN,2526,not_found,https://www.football-data.co.uk/mmz4281/2526/CHN.csv
CHN,2627,not_found,https://www.football-data.co.uk/mmz4281/2627/CHN.csv
DEN,1011,not_found,https://www.football-data.co.uk/mmz4281/1011/DEN.csv
DEN,1112,not_found,https://www.football-data.co.uk/mmz4281/1112/DEN.csv
DEN,1213,not_found,https://www.football-data.co.uk/mmz4281/1213/DEN.csv
DEN,1314,not_found,https://www.football-data.co.uk/mmz4281/1314/DEN.csv
DEN,1415,not_found,https://www.football-data.co.uk/mmz4281/1415/DEN.csv
DEN,1516,not_found,https://www.football-data.co.uk/mmz4281/1516/DEN.csv
DEN,1617,not_found,https://www.football-data.co.uk/mmz4281/1617/DEN.csv
DEN,1718,not_found,https://www.football-data.co.uk/mmz4281/1718/DEN.csv
DEN,1819,not_found,https://www.football-data.co.uk/mmz4281/1819/DEN.csv
DEN,1920,not_found,https://www.football-data.co.uk/mmz4281/1920/DEN.csv
DEN,2021,not_found,https://www.football-data.co.uk/mmz4281/2021/DEN.csv
DEN,2122,not_found,https://www.football-data.co.uk/mmz4281/2122/DEN.csv
DEN,2223,not_found,https://www.football-data.co.uk/mmz4281/2223/DEN.csv
DEN,2324,not_found,https://www.football-data.co.uk/mmz4281/2324/DEN.csv
DEN,2425,not_found,https://www.football-data.co.uk/mmz4281/2425/DEN.csv
DEN,2526,not_found,https://www.football-data.co.uk/mmz4281/2526/DEN.csv
DEN,2627,not_found,https://www.football-data.co.uk/mmz4281/2627/DEN.csv
FIN,1011,not_found,https://www.football-data.co.uk/mmz4281/1011/FIN.csv
FIN,1112,not_found,https://www.football-data.co.uk/mmz4281/1112/FIN.csv
FIN,1213,not_found,https://www.football-data.co.uk/mmz4281/1213/FIN.csv
FIN,1314,not_found,https://www.football-data.co.uk/mmz4281/1314/FIN.csv
FIN,1415,not_found,https://www.football-data.co.uk/mmz4281/1415/FIN.csv
FIN,1516,not_found,https://www.football-data.co.uk/mmz4281/1516/FIN.csv
FIN,1617,not_found,https://www.football-data.co.uk/mmz4281/1617/FIN.csv
FIN,1718,not_found,https://www.football-data.co.uk/mmz4281/1718/FIN.csv
FIN,1819,not_found,https://www.football-data.co.uk/mmz4281/1819/FIN.csv
FIN,1920,not_found,https://www.football-data.co.uk/mmz4281/1920/FIN.csv
FIN,2021,not_found,https://www.football-data.co.uk/mmz4281/2021/FIN.csv
FIN,2122,not_found,https://www.football-data.co.uk/mmz4281/2122/FIN.csv
FIN,2223,not_found,https://www.football-data.co.uk/mmz4281/2223/FIN.csv
FIN,2324,not_found,https://www.football-data.co.uk/mmz4281/2324/FIN.csv
FIN,2425,not_found,https://www.football-data.co.uk/mmz4281/2425/FIN.csv
FIN,2526,not_found,https://www.football-data.co.uk/mmz4281/2526/FIN.csv
FIN,2627,not_found,https://www.football-data.co.uk/mmz4281/2627/FIN.csv
IRL,1011,not_found,https://www.football-data.co.uk/mmz4281/1011/IRL.csv
IRL,1112,not_found,https://www.football-data.co.uk/mmz4281/1112/IRL.csv
IRL,1213,not_found,https://www.football-data.co.uk/mmz4281/1213/IRL.csv
IRL,1314,not_found,https://www.football-data.co.uk/mmz4281/1314/IRL.csv
IRL,1415,not_found,https://www.football-data.co.uk/mmz4281/1415/IRL.csv
IRL,1516,not_found,https://www.football-data.co.uk/mmz4281/1516/IRL.csv
IRL,1617,not_found,https://www.football-data.co.uk/mmz4281/1617/IRL.csv
IRL,1718,not_found,https://www.football-data.co.uk/mmz4281/1718/IRL.csv
IRL,1819,not_found,https://www.football-data.co.uk/mmz4281/1819/IRL.csv
IRL,1920,not_found,https://www.football-data.co.uk/mmz4281/1920/IRL.csv
IRL,2021,not_found,https://www.football-data.co.uk/mmz4281/2021/IRL.csv
IRL,2122,not_found,https://www.football-data.co.uk/mmz4281/2122/IRL.csv
IRL,2223,not_found,https://www.football-data.co.uk/mmz4281/2223/IRL.csv
IRL,2324,not_found,https://www.football-data.co.uk/mmz4281/2324/IRL.csv
IRL,2425,not_found,https://www.football-data.co.uk/mmz4281/2425/IRL.csv
IRL,2526,not_found,https://www.football-data.co.uk/mmz4281/2526/IRL.csv
IRL,2627,not_found,https://www.football-data.co.uk/mmz4281/2627/IRL.csv
JPN,1011,not_found,https://www.football-data.co.uk/mmz4281/1011/JPN.csv
JPN,1112,not_found,https://www.football-data.co.uk/mmz4281/1112/JPN.csv
JPN,1213,not_found,https://www.football-data.co.uk/mmz4281/1213/JPN.csv
JPN,1314,not_found,https://www.football-data.co.uk/mmz4281/1314/JPN.csv
JPN,1415,not_found,https://www.football-data.co.uk/mmz4281/1415/JPN.csv
JPN,1516,not_found,https://www.football-data.co.uk/mmz4281/1516/JPN.csv
JPN,1617,not_found,https://www.football-data.co.uk/mmz4281/1617/JPN.csv
JPN,1718,not_found,https://www.football-data.co.uk/mmz4281/1718/JPN.csv
JPN,1819,not_found,https://www.football-data.co.uk/mmz4281/1819/JPN.csv
JPN,1920,not_found,https://www.football-data.co.uk/mmz4281/1920/JPN.csv
JPN,2021,not_found,https://www.football-data.co.uk/mmz4281/2021/JPN.csv
JPN,2122,not_found,https://www.football-data.co.uk/mmz4281/2122/JPN.csv
JPN,2223,not_found,https://www.football-data.co.uk/mmz4281/2223/JPN.csv
JPN,2324,not_found,https://www.football-data.co.uk/mmz4281/2324/JPN.csv
JPN,2425,not_found,https://www.football-data.co.uk/mmz4281/2425/JPN.csv
JPN,2526,not_found,https://www.football-data.co.uk/mmz4281/2526/JPN.csv
JPN,2627,not_found,https://www.football-data.co.uk/mmz4281/2627/JPN.csv
MEX,1011,not_found,https://www.football-data.co.uk/mmz4281/1011/MEX.csv
MEX,1112,not_found,https://www.football-data.co.uk/mmz4281/1112/MEX.csv
MEX,1213,not_found,https://www.football-data.co.uk/mmz4281/1213/MEX.csv
MEX,1314,not_found,https://www.football-data.co.uk/mmz4281/1314/MEX.csv
MEX,1415,not_found,https://www.football-data.co.uk/mmz4281/1415/MEX.csv
MEX,1516,not_found,https://www.football-data.co.uk/mmz4281/1516/MEX.csv
MEX,1617,not_found,https://www.football-data.co.uk/mmz4281/1617/MEX.csv
MEX,1718,not_found,https://www.football-data.co.uk/mmz4281/1718/MEX.csv
MEX,1819,not_found,https://www.football-data.co.uk/mmz4281/1819/MEX.csv
MEX,1920,not_found,https://www.football-data.co.uk/mmz4281/1920/MEX.csv
MEX,2021,not_found,https://www.football-data.co.uk/mmz4281/2021/MEX.csv
MEX,2122,not_found,https://www.football-data.co.uk/mmz4281/2122/MEX.csv
MEX,2223,not_found,https://www.football-data.co.uk/mmz4281/2223/MEX.csv
MEX,2324,not_found,https://www.football-data.co.uk/mmz4281/2324/MEX.csv
MEX,2425,not_found,https://www.football-data.co.uk/mmz4281/2425/MEX.csv
MEX,2526,not_found,https://www.football-data.co.uk/mmz4281/2526/MEX.csv
MEX,2627,not_found,https://www.football-data.co.uk/mmz4281/2627/MEX.csv
NOR,1011,not_found,https://www.football-data.co.uk/mmz4281/1011/NOR.csv
NOR,1112,not_found,https://www.football-data.co.uk/mmz4281/1112/NOR.csv
NOR,1213,not_found,https://www.football-data.co.uk/mmz4281/1213/NOR.csv
NOR,1314,not_found,https://www.football-data.co.uk/mmz4281/1314/NOR.csv
NOR,1415,not_found,https://www.football-data.co.uk/mmz4281/1415/NOR.csv
NOR,1516,not_found,https://www.football-data.co.uk/mmz4281/1516/NOR.csv
NOR,1617,not_found,https://www.football-data.co.uk/mmz4281/1617/NOR.csv
NOR,1718,not_found,https://www.football-data.co.uk/mmz4281/1718/NOR.csv
NOR,1819,not_found,https://www.football-data.co.uk/mmz4281/1819/NOR.csv
NOR,1920,not_found,https://www.football-data.co.uk/mmz4281/1920/NOR.csv
NOR,2021,not_found,https://www.football-data.co.uk/mmz4281/2021/NOR.csv
NOR,2122,not_found,https://www.football-data.co.uk/mmz4281/2122/NOR.csv
NOR,2223,not_found,https://www.football-data.co.uk/mmz4281/2223/NOR.csv
NOR,2324,not_found,https://www.football-data.co.uk/mmz4281/2324/NOR.csv
NOR,2425,not_found,https://www.football-data.co.uk/mmz4281/2425/NOR.csv
NOR,2526,not_found,https://www.football-data.co.uk/mmz4281/2526/NOR.csv
NOR,2627,not_found,https://www.football-data.co.uk/mmz4281/2627/NOR.csv
POL,1011,not_found,https://www.football-data.co.uk/mmz4281/1011/POL.csv
POL,1112,not_found,https://www.football-data.co.uk/mmz4281/1112/POL.csv
POL,1213,not_found,https://www.football-data.co.uk/mmz4281/1213/POL.csv
POL,1314,not_found,https://www.football-data.co.uk/mmz4281/1314/POL.csv
POL,1415,not_found,https://www.football-data.co.uk/mmz4281/1415/POL.csv
POL,1516,not_found,https://www.football-data.co.uk/mmz4281/1516/POL.csv
POL,1617,not_found,https://www.football-data.co.uk/mmz4281/1617/POL.csv
POL,1718,not_found,https://www.football-data.co.uk/mmz4281/1718/POL.csv
POL,1819,not_found,https://www.football-data.co.uk/mmz4281/1819/POL.csv
POL,1920,not_found,https://www.football-data.co.uk/mmz4281/1920/POL.csv
POL,2021,not_found,https://www.football-data.co.uk/mmz4281/2021/POL.csv
POL,2122,not_found,https://www.football-data.co.uk/mmz4281/2122/POL.csv
POL,2223,not_found,https://www.football-data.co.uk/mmz4281/2223/POL.csv
POL,2324,not_found,https://www.football-data.co.uk/mmz4281/2324/POL.csv
POL,2425,not_found,https://www.football-data.co.uk/mmz4281/2425/POL.csv
POL,2526,not_found,https://www.football-data.co.uk/mmz4281/2526/POL.csv
POL,2627,not_found,https://www.football-data.co.uk/mmz4281/2627/POL.csv
ROU,1011,not_found,https://www.football-data.co.uk/mmz4281/1011/ROU.csv
ROU,1112,not_found,https://www.football-data.co.uk/mmz4281/1112/ROU.csv
ROU,1213,not_found,https://www.football-data.co.uk/mmz4281/1213/ROU.csv
ROU,1314,not_found,https://www.football-data.co.uk/mmz4281/1314/ROU.csv
ROU,1415,not_found,https://www.football-data.co.uk/mmz4281/1415/ROU.csv
ROU,1516,not_found,https://www.football-data.co.uk/mmz4281/1516/ROU.csv
ROU,1617,not_found,https://www.football-data.co.uk/mmz4281/1617/ROU.csv
ROU,1718,not_found,https://www.football-data.co.uk/mmz4281/1718/ROU.csv
ROU,1819,not_found,https://www.football-data.co.uk/mmz4281/1819/ROU.csv
ROU,1920,not_found,https://www.football-data.co.uk/mmz4281/1920/ROU.csv
ROU,2021,not_found,https://www.football-data.co.uk/mmz4281/2021/ROU.csv
ROU,2122,not_found,https://www.football-data.co.uk/mmz4281/2122/ROU.csv
ROU,2223,not_found,https://www.football-data.co.uk/mmz4281/2223/ROU.csv
ROU,2324,not_found,https://www.football-data.co.uk/mmz4281/2324/ROU.csv
ROU,2425,not_found,https://www.football-data.co.uk/mmz4281/2425/ROU.csv
ROU,2526,not_found,https://www.football-data.co.uk/mmz4281/2526/ROU.csv
ROU,2627,not_found,https://www.football-data.co.uk/mmz4281/2627/ROU.csv
RUS,1011,not_found,https://www.football-data.co.uk/mmz4281/1011/RUS.csv
RUS,1112,not_found,https://www.football-data.co.uk/mmz4281/1112/RUS.csv
RUS,1213,not_found,https://www.football-data.co.uk/mmz4281/1213/RUS.csv
RUS,1314,not_found,https://www.football-data.co.uk/mmz4281/1314/RUS.csv
RUS,1415,not_found,https://www.football-data.co.uk/mmz4281/1415/RUS.csv
RUS,1516,not_found,https://www.football-data.co.uk/mmz4281/1516/RUS.csv
RUS,1617,not_found,https://www.football-data.co.uk/mmz4281/1617/RUS.csv
RUS,1718,not_found,https://www.football-data.co.uk/mmz4281/1718/RUS.csv
RUS,1819,not_found,https://www.football-data.co.uk/mmz4281/1819/RUS.csv
RUS,1920,not_found,https://www.football-data.co.uk/mmz4281/1920/RUS.csv
RUS,2021,not_found,https://www.football-data.co.uk/mmz4281/2021/RUS.csv
RUS,2122,not_found,https://www.football-data.co.uk/mmz4281/2122/RUS.csv
RUS,2223,not_found,https://www.football-data.co.uk/mmz4281/2223/RUS.csv
RUS,2324,not_found,https://www.football-data.co.uk/mmz4281/2324/RUS.csv
RUS,2425,not_found,https://www.football-data.co.uk/mmz4281/2425/RUS.csv
RUS,2526,not_found,https://www.football-data.co.uk/mmz4281/2526/RUS.csv
RUS,2627,not_found,https://www.football-data.co.uk/mmz4281/2627/RUS.csv
SWE,1011,not_found,https://www.football-data.co.uk/mmz4281/1011/SWE.csv
SWE,1112,not_found,https://www.football-data.co.uk/mmz4281/1112/SWE.csv
SWE,1213,not_found,https://www.football-data.co.uk/mmz4281/1213/SWE.csv
SWE,1314,not_found,https://www.football-data.co.uk/mmz4281/1314/SWE.csv
SWE,1415,not_found,https://www.football-data.co.uk/mmz4281/1415/SWE.csv
SWE,1516,not_found,https://www.football-data.co.uk/mmz4281/1516/SWE.csv
SWE,1617,not_found,https://www.football-data.co.uk/mmz4281/1617/SWE.csv
SWE,1718,not_found,https://www.football-data.co.uk/mmz4281/1718/SWE.csv
SWE,1819,not_found,https://www.football-data.co.uk/mmz4281/1819/SWE.csv
SWE,1920,not_found,https://www.football-data.co.uk/mmz4281/1920/SWE.csv
SWE,2021,not_found,https://www.football-data.co.uk/mmz4281/2021/SWE.csv
SWE,2122,not_found,https://www.football-data.co.uk/mmz4281/2122/SWE.csv
SWE,2223,not_found,https://www.football-data.co.uk/mmz4281/2223/SWE.csv
SWE,2324,not_found,https://www.football-data.co.uk/mmz4281/2324/SWE.csv
SWE,2425,not_found,https://www.football-data.co.uk/mmz4281/2425/SWE.csv
SWE,2526,not_found,https://www.football-data.co.uk/mmz4281/2526/SWE.csv
SWE,2627,not_found,https://www.football-data.co.uk/mmz4281/2627/SWE.csv
SWZ,1011,not_found,https://www.football-data.co.uk/mmz4281/1011/SWZ.csv
SWZ,1112,not_found,https://www.football-data.co.uk/mmz4281/1112/SWZ.csv
SWZ,1213,not_found,https://www.football-data.co.uk/mmz4281/1213/SWZ.csv
SWZ,1314,not_found,https://www.football-data.co.uk/mmz4281/1314/SWZ.csv
SWZ,1415,not_found,https://www.football-data.co.uk/mmz4281/1415/SWZ.csv
SWZ,1516,not_found,https://www.football-data.co.uk/mmz4281/1516/SWZ.csv
SWZ,1617,not_found,https://www.football-data.co.uk/mmz4281/1617/SWZ.csv
SWZ,1718,not_found,https://www.football-data.co.uk/mmz4281/1718/SWZ.csv
SWZ,1819,not_found,https://www.football-data.co.uk/mmz4281/1819/SWZ.csv
SWZ,1920,not_found,https://www.football-data.co.uk/mmz4281/1920/SWZ.csv
SWZ,2021,not_found,https://www.football-data.co.uk/mmz4281/2021/SWZ.csv
SWZ,2122,not_found,https://www.football-data.co.uk/mmz4281/2122/SWZ.csv
SWZ,2223,not_found,https://www.football-data.co.uk/mmz4281/2223/SWZ.csv
SWZ,2324,not_found,https://www.football-data.co.uk/mmz4281/2324/SWZ.csv
SWZ,2425,not_found,https://www.football-data.co.uk/mmz4281/2425/SWZ.csv
SWZ,2526,not_found,https://www.football-data.co.uk/mmz4281/2526/SWZ.csv
SWZ,2627,not_found,https://www.football-data.co.uk/mmz4281/2627/SWZ.csv
USA,1011,not_found,https://www.football-data.co.uk/mmz4281/1011/USA.csv
USA,1112,not_found,https://www.football-data.co.uk/mmz4281/1112/USA.csv
USA,1213,not_found,https://www.football-data.co.uk/mmz4281/1213/USA.csv
USA,1314,not_found,https://www.football-data.co.uk/mmz4281/1314/USA.csv
USA,1415,not_found,https://www.football-data.co.uk/mmz4281/1415/USA.csv
USA,1516,not_found,https://www.football-data.co.uk/mmz4281/1516/USA.csv
USA,1617,not_found,https://www.football-data.co.uk/mmz4281/1617/USA.csv
USA,1718,not_found,https://www.football-data.co.uk/mmz4281/1718/USA.csv
USA,1819,not_found,https://www.football-data.co.uk/mmz4281/1819/USA.csv
USA,1920,not_found,https://www.football-data.co.uk/mmz4281/1920/USA.csv
USA,2021,not_found,https://www.football-data.co.uk/mmz4281/2021/USA.csv
USA,2122,not_found,https://www.football-data.co.uk/mmz4281/2122/USA.csv
USA,2223,not_found,https://www.football-data.co.uk/mmz4281/2223/USA.csv
USA,2324,not_found,https://www.football-data.co.uk/mmz4281/2324/USA.csv
USA,2425,not_found,https://www.football-data.co.uk/mmz4281/2425/USA.csv
USA,2526,not_found,https://www.football-data.co.uk/mmz4281/2526/USA.csv
USA,2627,not_found,https://www.football-data.co.uk/mmz4281/2627/USA.csv
